Workbook

Sheet Dashboard
A1: LABFLOW ANALYSIS WORKBOOK | B1: VALUE | C1: CONTEXT
A2: Project | B2: Mixed-Cation Validation Report | C2: PRJ-2026-014
A3: Best PCE | B3: =MAX('Raw Data'!G2:G9) | C3: S08
A4: Mean PCE | B4: =AVERAGE('Raw Data'!G2:G9) | C4: 8 samples
A5: PCE standard deviation | B5: =STDEV('Raw Data'!G2:G9) | C5: sample dispersion
A6: Best stability | B6: =MAX('Raw Data'!H2:H9) | C6: S08 · % retained
A7: Mean hysteresis | B7: =AVERAGE('Raw Data'!I2:I9) | C7: %
A8: Approved findings | B8: 2 | C8: researcher-controlled
A9: Approval | B9: Pending researcher signature | C9: human decision
A10: EDITING LEGEND | B10: Pale amber = editable input | C10: Pale green = calculated formula
A11: Recalculation | B11: Automatic on open | C11: Charts and summaries follow Raw Data

Sheet Project
A1: FIELD | B1: VALUE
A2: Project ID | B2: PRJ-2026-014
A3: Project name | B3: Mixed-cation perovskite optimisation
A4: Pipeline | B4: chose
A5: Owner | B5: Matteo Ginesi
A6: Status | B6: active
A7: Progress (%) | B7: 78
A8: Objective | B8: Compare MA/FA ratios and identify the most stable high-efficiency device stack.
A9: Report title | B9: Mixed-Cation Validation Report
A10: Report subtitle | B10: Editable local report test
A11: Executive summary | B11: The leading formulation remains FA0.90MA0.10.
A12: Methodology | B12: Versioned preparation, mapped JV data and deterministic comparison.
A13: Conclusions | B13: S04 and S08 proceed to validation; S06 remains under review.
A14: Limitations | B14: Small demonstration cohort; no causal inference.
A15: Approval | B15: Pending researcher signature

Sheet Solutions
A1: SOLUTION ID | B1: RECIPE | C1: CONCENTRATION | D1: SOLVENT | E1: VOLUME | F1: STATUS
A2: SOL-B01 | B2: FA/MA reference | C2: 1.25 mol/L | D2: DMF:DMSO 4:1 | E2: 2.0 mL | F2: Reviewed
A3: SOL-B02 | B3: FA/MA reference | C3: 1.25 mol/L | D3: DMF:DMSO 4:1 | E3: 2.5 mL | F3: Reviewed
A4: SOL-B03 | B4: FA/MA variant | C4: 1.30 mol/L | D4: DMF:DMSO 4:1 | E4: 1.5 mL | F4: Review

Sheet Stack
A1: ORDER | B1: MATERIAL | C1: THICKNESS | D1: FUNCTION | E1: PROCESS
A2: 1 | B2: Glass / FTO | C2: 2.2 mm | D2: Substrate | E2: Cleaning
A3: 2 | B3: SnO₂ | C3: 32 nm | D3: Electron transport | E3: Spin coat
A4: 3 | B4: FA/MA perovskite | C4: 540 nm | D4: Absorber | E4: Anti-solvent
A5: 4 | B5: Spiro-OMeTAD | C5: 180 nm | D5: Hole transport | E5: Spin coat
A6: 5 | B6: Au | C6: 80 nm | D6: Back contact | E6: Evaporation

Sheet Raw Data
A1: SAMPLE | B1: FORMULATION | C1: BATCH | D1: VOC (V) | E1: JSC (mA/cm²) | F1: FF (%) | G1: PCE (%) | H1: STABILITY (%) | I1: HYSTERESIS (%)
A2: S01 | B2: FA0.85MA0.15 | C2: B01 | D2: 1.08 | E2: 22.7 | F2: 78.1 | G2: 19.15 | H2: 89 | I2: 3.2
A3: S02 | B3: FA0.85MA0.15 | C3: B01 | D3: 1.1 | E3: 23.2 | F3: 79 | G3: 20.16 | H3: 91 | I3: 2.8
A4: S03 | B4: FA0.80MA0.20 | C4: B02 | D4: 1.07 | E4: 22.9 | F4: 77.3 | G4: 18.94 | H4: 85 | I4: 4.1
A5: S04 | B5: FA0.90MA0.10 | C5: B03 | D5: 1.12 | E5: 23.5 | F5: 80.2 | G5: 21.1 | H5: 94 | I5: 2.1
A6: S05 | B6: FA0.90MA0.10 | C6: B03 | D6: 1.09 | E6: 23 | F6: 79.4 | G6: 19.9 | H6: 92 | I6: 2.5
A7: S06 | B7: FA0.75MA0.25 | C7: B04 | D7: 1.05 | E7: 21.8 | F7: 75.8 | G7: 17.36 | H7: 78 | I7: 5.9
A8: S07 | B8: FA0.85MA0.15 | C8: B05 | D8: 1.11 | E8: 23.1 | F8: 79.7 | G8: 20.44 | H8: 90 | I8: 2.7
A9: S08 | B9: FA0.90MA0.10 | C9: B06 | D9: 1.13 | E9: 23.4 | F9: 80.5 | G9: 21.28 | H9: 95 | I9: 1.9

Sheet Processed Data
A1: SAMPLE | B1: NORMALIZED PCE | C1: PCE DELTA VS MEAN | D1: OUTLIER FLAG | E1: INCLUDED IN REPORT
A2: S01 | B2: ='Raw Data'!G2/MAX('Raw Data'!$G$2:$G$9) | C2: ='Raw Data'!G2-AVERAGE('Raw Data'!$G$2:$G$9) | D2: =IF('Raw Data'!G2<18,"Review","No") | E2: Yes
A3: S02 | B3: ='Raw Data'!G3/MAX('Raw Data'!$G$2:$G$9) | C3: ='Raw Data'!G3-AVERAGE('Raw Data'!$G$2:$G$9) | D3: =IF('Raw Data'!G3<18,"Review","No") | E3: Yes
A4: S03 | B4: ='Raw Data'!G4/MAX('Raw Data'!$G$2:$G$9) | C4: ='Raw Data'!G4-AVERAGE('Raw Data'!$G$2:$G$9) | D4: =IF('Raw Data'!G4<18,"Review","No") | E4: Yes
A5: S04 | B5: ='Raw Data'!G5/MAX('Raw Data'!$G$2:$G$9) | C5: ='Raw Data'!G5-AVERAGE('Raw Data'!$G$2:$G$9) | D5: =IF('Raw Data'!G5<18,"Review","No") | E5: Yes
A6: S05 | B6: ='Raw Data'!G6/MAX('Raw Data'!$G$2:$G$9) | C6: ='Raw Data'!G6-AVERAGE('Raw Data'!$G$2:$G$9) | D6: =IF('Raw Data'!G6<18,"Review","No") | E6: Yes
A7: S06 | B7: ='Raw Data'!G7/MAX('Raw Data'!$G$2:$G$9) | C7: ='Raw Data'!G7-AVERAGE('Raw Data'!$G$2:$G$9) | D7: =IF('Raw Data'!G7<18,"Review","No") | E7: Yes
A8: S07 | B8: ='Raw Data'!G8/MAX('Raw Data'!$G$2:$G$9) | C8: ='Raw Data'!G8-AVERAGE('Raw Data'!$G$2:$G$9) | D8: =IF('Raw Data'!G8<18,"Review","No") | E8: Yes
A9: S08 | B9: ='Raw Data'!G9/MAX('Raw Data'!$G$2:$G$9) | C9: ='Raw Data'!G9-AVERAGE('Raw Data'!$G$2:$G$9) | D9: =IF('Raw Data'!G9<18,"Review","No") | E9: Yes

Sheet Analysis
A1: METHOD | B1: RESULT | C1: TYPE | D1: REPORT STATUS
A2: Descriptive statistics | B2: Mean PCE 19.79% | C2: Deterministic | D2: Included
A3: Trend | B3: FA0.90MA0.10 leads | C3: Deterministic | D3: Included
A4: Outlier review | B4: S06 requires process review | C4: Deterministic | D4: Included
A5: Correlation preview | B5: Stability inversely associated with hysteresis | C5: Deterministic | D5: Included
A6: Batch comparison | B6: Formulation effect exceeds batch effect | C6: Deterministic | D6: Included

Sheet AI Findings
A1: SCORE | B1: FINDING | C1: DETAIL | D1: EVIDENCE | E1: STATUS | F1: ORIGIN
A2: 96 | B2: FA0.90MA0.10 is the strongest candidate | C2: S04 and S08 lead both PCE and stability, with the lowest hysteresis. | D2: S04, S08 · 7 metrics | E2: accepted | F2: Simulated AI
A3: 91 | B3: S06 is a multi-metric outlier | C3: PCE, fill factor and stability are jointly below the robust cohort range; review fabrication notes before exclusion. | D3: S06 · IQR + robust z | E3: review | F3: Simulated AI
A4: 88 | B4: Batch effect is smaller than formulation effect | C4: Within-batch variation is limited compared with the shift between formulations. | D4: Grouped comparison | E4: accepted | F4: Simulated AI
A5: 84 | B5: Stability and hysteresis are inversely associated | C5: Lower hysteresis appears in the most stable devices; the sample count does not support a causal claim. | D5: Spearman preview | E5: review | F5: Simulated AI
A6: 78 | B6: Two metadata gaps limit reproducibility | C6: Humidity during coating and elapsed time before annealing are missing for B04 and B05. | D6: Process records | E6: action | F6: Simulated AI

Sheet Provenance
A1: ENTITY | B1: SOURCE | C1: TRANSFORMATION | D1: OWNER | E1: STATUS
A2: Measurements | B2: 12 local instrument files | C2: Mapped to JV summary | D2: Matteo Ginesi | E2: Reviewed
A3: Processed data | B3: Raw Data sheet | C3: Normalization + grouped statistics | D3: Matteo Ginesi | E3: Deterministic
A4: AI findings | B4: Project + approved KB | C4: Fixed local demonstration rules | D4: LabFlow POC | E4: Simulated
A5: Conclusions | B5: Approved results + human notes | C5: Editable report builder | D5: Matteo Ginesi | E5: Pending researcher signature

Sheet Export Manifest
A1: FILE / SHEET | B1: PURPOSE | C1: FORMAT | D1: PALETTE
A2: Dashboard | B2: Decision overview | C2: Worksheet | D2: Instrument Teal
A3: Project | B3: Project metadata | C3: Worksheet | D3: Instrument Teal
A4: Solutions | B4: Preparation records | C4: Worksheet | D4: Instrument Teal
A5: Stack | B5: Device architecture | C5: Worksheet | D5: Instrument Teal
A6: Raw Data | B6: Source-aligned values | C6: Worksheet | D6: Instrument Teal
A7: Processed Data | B7: Derived values | C7: Worksheet | D7: Instrument Teal
A8: Analysis | B8: Deterministic results | C8: Worksheet | D8: Instrument Teal
A9: AI Findings | B9: Simulated advisory output | C9: Worksheet | D9: Instrument Teal
A10: Provenance | B10: Evidence lineage | C10: Worksheet | D10: Instrument Teal
A11: Export Manifest | B11: Workbook inventory | C11: Worksheet | D11: Instrument Teal
